id,age,salary,join_date,email,country,duplicate_col,free_text
ID_347,63,36.08,,user347example.com,,dup,tJz
ID_614,23,??,05/01/2021,user@.com,usa,dup,EZz
,,??,,user700example.com,USA,dup,
948,,,01-05-21,user@.com,PAK,dup,lorem ipsum dolor sit amet
705,twenty,"12,34",2021/13/40,,USA,dup,5ynAopXuLK
,,"12,34",05/01/2021,,U.S.,dup,
213,,??,2021/13/40,user@.com,,dup,
,,44.62,2021-01-05,user437@example.com,U.S.,dup,
ID_67,,,Jan 5 2021,user@.com,U.S.,dup,oETXv66DOR
ID_688,,,01-05-21,user@.com,,dup,pySxmi7pjN
,,,05/01/2021,user155example.com,,dup,
,twenty,,0000-00-00,user@.com,usa,dup,lorem ipsum dolor sit amet
,,,,,USA,dup,lorem ipsum dolor sit amet
,,26.25,,user640example.com,PAK,dup,
,,28.08,05/01/2021,user459@example.com,usa,dup,lorem ipsum dolor sit amet
,76,"12,34",01-05-21,user@.com,PAK,dup,lorem ipsum dolor sit amet
ID_315,,??,2021-01-05,user315example.com,U.S.,dup,###@@@!!!
,33,27.47,01-05-21,,usa,dup,
,,??,0000-00-00,user295example.com,usa,dup,9VsJ
68,,,,user68example.com,PAK,dup,
,,,0000-00-00,,USA,dup,SHTtkr0bV
,25,,05/01/2021,,U.S.,dup,lorem ipsum dolor sit amet
,twenty,-62,2021/13/40,user@.com,,dup,JnmUYl82B4
ID_532,,"12,34",2021-01-05,user532@example.com,usa,dup,###@@@!!!
830,,"12,34",2021-01-05,,Pakistan,dup,
,twenty,-658,01-05-21,,usa,dup,9x7VfpfpZN
,,37.5,05/01/2021,,,dup,###@@@!!!
,,??,,,PAK,dup,KHx0QBrM519
,twenty,846,01-05-21,,usa,dup,
,30,29.28,01-05-21,user@.com,U.S.,dup,
ID_930,,"12,34",0000-00-00,,usa,dup,K1gvd
ID_251,4,"12,34",2021/13/40,user@.com,PAK,dup,###@@@!!!
,twenty,"12,34",2021-01-05,,,dup,lorem ipsum dolor sit amet
,64,,2021/13/40,,USA,dup,syY
,twenty,,Jan 5 2021,user728example.com,U.S.,dup,
ID_864,,,2021-01-05,user864@example.com,Pakistan,dup,
,,967,01-05-21,,U.S.,dup,###@@@!!!
ID_119,102,-422,0000-00-00,user119example.com,,dup,V19pYmR
,,"12,34",,,usa,dup,
,,6.62,01-05-21,,U.S.,dup,
ID_143,74,,,user@.com,PAK,dup,Hg2z
,twenty,,05/01/2021,user@.com,,dup,dejG6oU8uz
ID_743,,,0000-00-00,user743@example.com,PAK,dup,lorem ipsum dolor sit amet
,45,,2021-01-05,user468@example.com,USA,dup,
,117,402,01-05-21,,,dup,
,twenty,567,0000-00-00,user@.com,,dup,Y1Jg
ID_958,,,Jan 5 2021,user958example.com,USA,dup,lorem ipsum dolor sit amet
,61,13.75,Jan 5 2021,,USA,dup,ldmi0
ID_452,,,Jan 5 2021,user452@example.com,PAK,dup,lorem ipsum dolor sit amet
,75,,,user@.com,,dup,
,,??,,user567example.com,USA,dup,
37,,,0000-00-00,,usa,dup,###@@@!!!
,109,,2021/13/40,,PAK,dup,8XUn
557,,,0000-00-00,,Pakistan,dup,###@@@!!!
,104,"12,34",2021-01-05,user999@example.com,,dup,
ID_849,,53.16,05/01/2021,,,dup,lorem ipsum dolor sit amet
286,,??,2021/13/40,user286example.com,,dup,
ID_842,20,,05/01/2021,user@.com,usa,dup,###@@@!!!
ID_672,,,05/01/2021,user672@example.com,USA,dup,QIO
ID_194,,"12,34",2021/13/40,,usa,dup,gBKcrAnCxmD
ID_947,,-925,,user947example.com,,dup,03H8
642,,??,,,,dup,
ID_549,twenty,30,01-05-21,user549@example.com,U.S.,dup,###@@@!!!
,,,2021/13/40,user333@example.com,U.S.,dup,###@@@!!!
,,-725,2021/13/40,user280@example.com,,dup,lorem ipsum dolor sit amet
,18,"12,34",,user@.com,,dup,###@@@!!!
,,,05/01/2021,,,dup,###@@@!!!
,,??,05/01/2021,user978@example.com,USA,dup,
858,48,"12,34",0000-00-00,,,dup,
199,,52.31,,user@.com,Pakistan,dup,
,108,"12,34",2021/13/40,user@.com,,dup,MDIrkMBS
,76,,,,,dup,
599,twenty,26.99,0000-00-00,user599@example.com,U.S.,dup,oNId0n
ID_226,41,,0000-00-00,,PAK,dup,PGoDErVDfV
589,91,,2021-01-05,user589@example.com,USA,dup,EL37qBWXri0
,twenty,"12,34",2021/13/40,,PAK,dup,U4eS51H4Ogz
365,twenty,??,2021/13/40,user365example.com,Pakistan,dup,###@@@!!!
94,,,,user94@example.com,PAK,dup,
,,,2021/13/40,user687example.com,,dup,
,,,Jan 5 2021,user@.com,,dup,lorem ipsum dolor sit amet
ID_309,,67.03,,,Pakistan,dup,lorem ipsum dolor sit amet
,,-13,Jan 5 2021,,USA,dup,###@@@!!!
,89,"12,34",,,Pakistan,dup,g2Tx85
,twenty,,05/01/2021,user317@example.com,PAK,dup,lorem ipsum dolor sit amet
20,,??,2021-01-05,user@.com,,dup,
,twenty,409,Jan 5 2021,,,dup,
518,74,16.18,Jan 5 2021,,PAK,dup,
,twenty,"12,34",0000-00-00,,Pakistan,dup,
ID_71,,??,01-05-21,user71example.com,U.S.,dup,
,38,,05/01/2021,user488@example.com,,dup,lorem ipsum dolor sit amet
,94,,2021/13/40,,Pakistan,dup,###@@@!!!
ID_577,,,0000-00-00,user577example.com,,dup,###@@@!!!
964,,288,2021/13/40,user964example.com,,dup,
,63,"12,34",0000-00-00,,U.S.,dup,
ID_962,,,,user962@example.com,Pakistan,dup,###@@@!!!
,,452,0000-00-00,user502example.com,usa,dup,
,78,,0000-00-00,,PAK,dup,###@@@!!!
,,,Jan 5 2021,,Pakistan,dup,###@@@!!!
998,twenty,,2021/13/40,,,dup,lorem ipsum dolor sit amet
,,,,user713@example.com,usa,dup,
,,,2021-01-05,,,dup,
47,74,,05/01/2021,user@.com,USA,dup,###@@@!!!
ID_464,106,,Jan 5 2021,user464@example.com,U.S.,dup,###@@@!!!
183,,,05/01/2021,,PAK,dup,
,twenty,,05/01/2021,,Pakistan,dup,
7,twenty,,2021/13/40,user7example.com,PAK,dup,
ID_551,,"12,34",0000-00-00,user551example.com,usa,dup,lorem ipsum dolor sit amet
,twenty,"12,34",01-05-21,user@.com,,dup,hcAQ
158,,"12,34",2021/13/40,user158@example.com,U.S.,dup,###@@@!!!
684,66,,05/01/2021,user684example.com,PAK,dup,###@@@!!!
654,,,2021/13/40,,U.S.,dup,lorem ipsum dolor sit amet
,twenty,714,0000-00-00,user91@example.com,Pakistan,dup,lorem ipsum dolor sit amet
,twenty,,01-05-21,,Pakistan,dup,y1v6ZA0s9
678,twenty,,,,,dup,H63oYmS
,twenty,-125,,,,dup,
,54,"12,34",,user230@example.com,PAK,dup,###@@@!!!
946,,,01-05-21,user@.com,,dup,
,,,01-05-21,user293@example.com,,dup,
,67,-241,,,USA,dup,cd8D0OUK0
,twenty,??,0000-00-00,user384@example.com,U.S.,dup,
,,457,01-05-21,,PAK,dup,lorem ipsum dolor sit amet
,,,05/01/2021,user@.com,PAK,dup,
322,,,0000-00-00,user@.com,U.S.,dup,
,,,,user744@example.com,U.S.,dup,
,,"12,34",01-05-21,user496@example.com,U.S.,dup,
272,24,61.09,2021/13/40,,USA,dup,JDvMIi
,,"12,34",01-05-21,user798example.com,USA,dup,
351,twenty,,,user351example.com,USA,dup,
,,,Jan 5 2021,user508example.com,Pakistan,dup,
ID_803,,,01-05-21,user803@example.com,USA,dup,
,116,??,,user732@example.com,PAK,dup,FDMWwfkYHp
ID_691,,"12,34",0000-00-00,user@.com,Pakistan,dup,bnG
356,1,??,05/01/2021,,USA,dup,
182,,??,,user@.com,U.S.,dup,###@@@!!!
,,??,05/01/2021,user@.com,PAK,dup,
,,"12,34",05/01/2021,user@.com,,dup,
,,,Jan 5 2021,user852example.com,USA,dup,
,,77.36,0000-00-00,user@.com,,dup,lorem ipsum dolor sit amet
,82,-417,05/01/2021,user101example.com,,dup,
782,,,0000-00-00,,PAK,dup,
ID_265,19,"12,34",,user@.com,USA,dup,
ID_601,twenty,??,,user@.com,usa,dup,tyNyFrbSzem
ID_65,-3,"12,34",2021-01-05,,Pakistan,dup,
ID_507,twenty,,0000-00-00,user507@example.com,usa,dup,###@@@!!!
,,3.77,0000-00-00,,usa,dup,
ID_281,,,0000-00-00,user281example.com,Pakistan,dup,###@@@!!!
200,twenty,,,,PAK,dup,jtfbaVjMH8J
,7,"12,34",01-05-21,user@.com,,dup,LAJx
,,73.83,0000-00-00,user880@example.com,U.S.,dup,###@@@!!!
,twenty,88.98,05/01/2021,user18@example.com,USA,dup,###@@@!!!
ID_839,101,"12,34",0000-00-00,user839example.com,,dup,
796,twenty,86.98,0000-00-00,user796example.com,,dup,SwHll1
903,,611,01-05-21,user903@example.com,PAK,dup,JI4pj
,,452,0000-00-00,user502example.com,usa,dup,
664,32,54.82,,user664@example.com,,dup,###@@@!!!
,twenty,,,,usa,dup,
ID_863,35,??,,,,dup,
,,"12,34",01-05-21,,PAK,dup,
,,,0000-00-00,,Pakistan,dup,###@@@!!!
ID_102,101,"12,34",0000-00-00,user@.com,USA,dup,
,,,,,Pakistan,dup,
492,15,-139,2021-01-05,user@.com,USA,dup,###@@@!!!
512,twenty,,,user@.com,Pakistan,dup,
,,,01-05-21,,USA,dup,DnkIM1eP1j
861,twenty,??,Jan 5 2021,,USA,dup,###@@@!!!
,,,,user335example.com,USA,dup,
,twenty,,0000-00-00,,PAK,dup,T6gXBtaM7j
,73,??,,,Pakistan,dup,5hDE
,,"12,34",2021/13/40,user@.com,,dup,
,twenty,,01-05-21,user542@example.com,USA,dup,
,,,0000-00-00,,USA,dup,
ID_453,,37.63,01-05-21,user453example.com,USA,dup,lorem ipsum dolor sit amet
,twenty,,2021/13/40,user391@example.com,Pakistan,dup,###@@@!!!
,,56.87,,user@.com,Pakistan,dup,
735,,,05/01/2021,user@.com,U.S.,dup,
,twenty,"12,34",,,Pakistan,dup,lorem ipsum dolor sit amet
,110,"12,34",05/01/2021,user822@example.com,USA,dup,###@@@!!!
,,355,2021/13/40,,usa,dup,lorem ipsum dolor sit amet
653,,,0000-00-00,,USA,dup,
241,,??,,,PAK,dup,lorem ipsum dolor sit amet
70,73,27.54,2021/13/40,user70@example.com,USA,dup,###@@@!!!
637,twenty,,05/01/2021,user637@example.com,Pakistan,dup,clvQ0oBR4
232,81,-11,,user232@example.com,PAK,dup,
,,548,01-05-21,user379@example.com,,dup,lorem ipsum dolor sit amet
ID_768,twenty,"12,34",,user@.com,USA,dup,lorem ipsum dolor sit amet
287,,,01-05-21,user@.com,Pakistan,dup,
920,,,0000-00-00,user920example.com,Pakistan,dup,
,twenty,40.33,01-05-21,,U.S.,dup,QmiIs
960,,,05/01/2021,user960example.com,usa,dup,
197,10,10.63,,user197@example.com,U.S.,dup,lorem ipsum dolor sit amet
,,98.49,2021/13/40,user@.com,PAK,dup,
,twenty,"12,34",2021/13/40,,usa,dup,
ID_185,,,,user@.com,,dup,
,,41.98,Jan 5 2021,user484@example.com,PAK,dup,
,,,05/01/2021,,,dup,lorem ipsum dolor sit amet
971,,,01-05-21,,PAK,dup,lorem ipsum dolor sit amet
345,92,9.19,05/01/2021,user345@example.com,usa,dup,
ID_441,,,,,,dup,
74,,,01-05-21,,,dup,
,twenty,"12,34",2021-01-05,,usa,dup,
,,,2021/13/40,,U.S.,dup,
,,,05/01/2021,,PAK,dup,###@@@!!!
,twenty,,2021-01-05,,,dup,###@@@!!!
ID_721,,,Jan 5 2021,,usa,dup,
,,,05/01/2021,user@.com,Pakistan,dup,AjSphysKkUW9
984,,,,user@.com,USA,dup,
620,88,,Jan 5 2021,user@.com,PAK,dup,
ID_262,twenty,,0000-00-00,,,dup,
ID_925,,,0000-00-00,user@.com,U.S.,dup,###@@@!!!
,twenty,,2021/13/40,user965example.com,Pakistan,dup,###@@@!!!
ID_797,,,01-05-21,,,dup,lorem ipsum dolor sit amet
,75,,05/01/2021,,U.S.,dup,V3YtDpHqHb
,,,2021/13/40,,PAK,dup,
ID_451,,??,2021/13/40,user451@example.com,Pakistan,dup,###@@@!!!
,,,,user@.com,U.S.,dup,lorem ipsum dolor sit amet
310,twenty,75.02,Jan 5 2021,user310@example.com,Pakistan,dup,
,twenty,,05/01/2021,,usa,dup,
ID_731,,"12,34",2021/13/40,,usa,dup,lorem ipsum dolor sit amet
355,118,875,2021-01-05,,,dup,###@@@!!!
,,755,0000-00-00,,U.S.,dup,P3B8
,twenty,1.91,2021/13/40,,USA,dup,DHYglg7yAy
886,68,,,user886@example.com,PAK,dup,###@@@!!!
ID_568,,93.03,Jan 5 2021,,USA,dup,3bhVpkeJofe
134,twenty,??,0000-00-00,,,dup,lorem ipsum dolor sit amet
1,-5,"12,34",,user1example.com,PAK,dup,
235,,??,01-05-21,,U.S.,dup,lorem ipsum dolor sit amet
ID_860,52,,,user@.com,Pakistan,dup,rCHC
,,,2021/13/40,,U.S.,dup,lorem ipsum dolor sit amet
160,65,"12,34",05/01/2021,user160@example.com,,dup,###@@@!!!
,-8,"12,34",0000-00-00,user667example.com,USA,dup,lorem ipsum dolor sit amet
718,,,,,,dup,
,74,??,0000-00-00,,,dup,
,-5,,2021/13/40,,usa,dup,oBr6EAcagTw
,,,01-05-21,,U.S.,dup,###@@@!!!
,115,,,user@.com,Pakistan,dup,
971,,,01-05-21,,PAK,dup,lorem ipsum dolor sit amet
,,,0000-00-00,user172@example.com,,dup,
,,,05/01/2021,,U.S.,dup,lorem ipsum dolor sit amet
,,??,2021-01-05,user@.com,U.S.,dup,lorem ipsum dolor sit amet
,12,"12,34",,,U.S.,dup,###@@@!!!
231,twenty,97.34,0000-00-00,user@.com,,dup,lorem ipsum dolor sit amet
,51,??,,,U.S.,dup,###@@@!!!
,,,2021-01-05,user@.com,U.S.,dup,
ID_950,,10.89,2021/13/40,user@.com,USA,dup,
,twenty,??,2021/13/40,,,dup,eSU1Nqap9eW
ID_739,twenty,83.52,0000-00-00,,USA,dup,9r088wETz
,,14.25,2021/13/40,,Pakistan,dup,
ID_615,,,0000-00-00,,,dup,3O72SSmqP7lQ
,45,??,,user77example.com,,dup,
756,twenty,,2021/13/40,user@.com,Pakistan,dup,2irA
748,twenty,??,05/01/2021,,USA,dup,
,,,,user@.com,U.S.,dup,lorem ipsum dolor sit amet
ID_702,,768,2021-01-05,user702@example.com,,dup,
859,1,,05/01/2021,user@.com,Pakistan,dup,ASSp8OsL0LI
,twenty,,2021/13/40,user733@example.com,,dup,###@@@!!!
ID_606,twenty,,,,,dup,###@@@!!!
,,,Jan 5 2021,user788@example.com,Pakistan,dup,
,twenty,3.56,01-05-21,,usa,dup,
175,,88.8,0000-00-00,,PAK,dup,lorem ipsum dolor sit amet
6,,"12,34",2021-01-05,user6example.com,,dup,###@@@!!!
374,38,,05/01/2021,,PAK,dup,
,,575,01-05-21,user427example.com,usa,dup,
,,"12,34",05/01/2021,,,dup,###@@@!!!
,,,2021/13/40,user524@example.com,,dup,
,twenty,,Jan 5 2021,,USA,dup,
,,67.13,05/01/2021,user407@example.com,PAK,dup,
ID_152,,,05/01/2021,,PAK,dup,
906,,??,,,Pakistan,dup,lorem ipsum dolor sit amet
ID_881,28,18.79,,,,dup,
710,68,,,user710@example.com,Pakistan,dup,lorem ipsum dolor sit amet
,,879,2021/13/40,user@.com,,dup,
240,,66.17,2021/13/40,user240@example.com,,dup,
ID_968,twenty,,,user@.com,U.S.,dup,
,,70,01-05-21,user62@example.com,usa,dup,###@@@!!!
,twenty,,2021-01-05,user806@example.com,,dup,###@@@!!!
ID_726,,,0000-00-00,user@.com,USA,dup,lorem ipsum dolor sit amet
,-8,??,0000-00-00,,USA,dup,lorem ipsum dolor sit amet
801,,,01-05-21,,Pakistan,dup,fSCC
,25,,01-05-21,,,dup,
ID_572,,,2021-01-05,,U.S.,dup,8q2Jl
291,twenty,"12,34",2021-01-05,user291example.com,,dup,lorem ipsum dolor sit amet
,107,,05/01/2021,user22@example.com,PAK,dup,###@@@!!!
,,??,01-05-21,,U.S.,dup,
104,92,22.51,0000-00-00,,,dup,###@@@!!!
,,,2021-01-05,,USA,dup,
,twenty,"12,34",2021/13/40,user795example.com,USA,dup,###@@@!!!
,twenty,,2021-01-05,user@.com,USA,dup,
258,88,,2021/13/40,user258@example.com,USA,dup,lorem ipsum dolor sit amet
227,41,??,,,,dup,I2OTme8d
107,,0.89,Jan 5 2021,user107@example.com,USA,dup,
,twenty,,2021-01-05,,usa,dup,
543,,,05/01/2021,,,dup,
ID_737,twenty,-161,,user737@example.com,,dup,iE9TvMcZttYs
,twenty,70.68,,,Pakistan,dup,lorem ipsum dolor sit amet
,twenty,,01-05-21,,usa,dup,eTr5RHguX
,twenty,,05/01/2021,user986@example.com,usa,dup,###@@@!!!
,,97.25,0000-00-00,,,dup,###@@@!!!
388,twenty,96.01,2021/13/40,user388example.com,,dup,###@@@!!!
,,-833,2021/13/40,user30@example.com,USA,dup,###@@@!!!
10,18,732,0000-00-00,,USA,dup,ACzXtxlo
ID_708,twenty,,,,PAK,dup,
ID_311,,68.34,0000-00-00,user@.com,USA,dup,###@@@!!!
ID_327,,"12,34",,,usa,dup,
157,,-359,01-05-21,user157@example.com,,dup,
,twenty,6.41,01-05-21,,usa,dup,
,twenty,"12,34",2021/13/40,,usa,dup,
257,twenty,,05/01/2021,user257example.com,Pakistan,dup,
,,,Jan 5 2021,user@.com,,dup,###@@@!!!
ID_536,,3.61,01-05-21,user536example.com,,dup,
,,,2021/13/40,user4example.com,,dup,lorem ipsum dolor sit amet
,-2,"12,34",01-05-21,user575example.com,Pakistan,dup,###@@@!!!
,,,,user198example.com,,dup,lorem ipsum dolor sit amet
ID_116,,??,0000-00-00,user@.com,,dup,###@@@!!!
ID_279,,,2021-01-05,,PAK,dup,6qccFOAs08
,107,375,Jan 5 2021,user204example.com,,dup,###@@@!!!
ID_985,twenty,2.91,0000-00-00,user985@example.com,,dup,lorem ipsum dolor sit amet
174,,,,,usa,dup,###@@@!!!
ID_976,twenty,,,user@.com,U.S.,dup,###@@@!!!
,twenty,,,user952example.com,U.S.,dup,
202,21,,,,,dup,m0TYxqd
552,5,,,user@.com,,dup,###@@@!!!
ID_990,35,,0000-00-00,user@.com,PAK,dup,
ID_119,102,-422,0000-00-00,user119example.com,,dup,V19pYmR
ID_177,,75.01,Jan 5 2021,,U.S.,dup,###@@@!!!
275,twenty,-610,0000-00-00,,PAK,dup,05FydR
409,,,,user@.com,,dup,
,72,,0000-00-00,user13@example.com,Pakistan,dup,lorem ipsum dolor sit amet
ID_248,,-323,0000-00-00,user248example.com,usa,dup,
,twenty,1.13,Jan 5 2021,,Pakistan,dup,lorem ipsum dolor sit amet
ID_376,,,,user@.com,Pakistan,dup,
,twenty,,01-05-21,,USA,dup,lorem ipsum dolor sit amet
,,"12,34",05/01/2021,,USA,dup,lorem ipsum dolor sit amet
,twenty,??,,,,dup,lorem ipsum dolor sit amet
,twenty,,2021-01-05,user117@example.com,USA,dup,
ID_921,53,??,05/01/2021,user921@example.com,PAK,dup,iDd
917,91,,01-05-21,user@.com,usa,dup,
,twenty,92.42,,user824example.com,PAK,dup,WWAI7dM
129,108,,,user129example.com,Pakistan,dup,###@@@!!!
,,87.52,01-05-21,user90@example.com,Pakistan,dup,
ID_343,,,2021/13/40,,U.S.,dup,lorem ipsum dolor sit amet
ID_126,twenty,,,,,dup,
,,??,Jan 5 2021,,U.S.,dup,
163,,,,user163example.com,,dup,
,,,,user111@example.com,,dup,Muv
ID_889,,,01-05-21,user889example.com,usa,dup,GXkH
,25,??,2021/13/40,,USA,dup,
,,-263,2021/13/40,,,dup,qKo
,,,2021/13/40,user426example.com,PAK,dup,###@@@!!!
,,,,,U.S.,dup,
494,52,"12,34",2021-01-05,,usa,dup,
,,,2021/13/40,user783example.com,,dup,
,twenty,??,05/01/2021,user338example.com,usa,dup,###@@@!!!
727,11,"12,34",Jan 5 2021,user727example.com,usa,dup,###@@@!!!
,,,2021-01-05,,Pakistan,dup,ZlV
,30,,2021/13/40,,U.S.,dup,###@@@!!!
ID_2,,-779,01-05-21,user2example.com,U.S.,dup,b04bQx
423,,??,2021-01-05,user423example.com,,dup,
,,??,0000-00-00,,PAK,dup,
,,"12,34",05/01/2021,user414example.com,,dup,Fl4CSoDSmie
,,,,user12@example.com,USA,dup,
,,,2021-01-05,,PAK,dup,
,,"12,34",01-05-21,,U.S.,dup,
,,-803,0000-00-00,,,dup,
519,twenty,,2021-01-05,user519example.com,Pakistan,dup,lorem ipsum dolor sit amet
ID_108,9,"12,34",01-05-21,,U.S.,dup,lorem ipsum dolor sit amet
,,,01-05-21,,,dup,QpZZTGCexj
ID_809,60,122,0000-00-00,user@.com,U.S.,dup,HoyD
,twenty,69.35,05/01/2021,,,dup,lorem ipsum dolor sit amet
181,,,,,PAK,dup,###@@@!!!
ID_375,twenty,,01-05-21,,,dup,
,,"12,34",2021/13/40,user397@example.com,,dup,lorem ipsum dolor sit amet
600,,,,user600@example.com,Pakistan,dup,
,,??,2021-01-05,user370example.com,PAK,dup,
ID_452,,,Jan 5 2021,user452@example.com,PAK,dup,lorem ipsum dolor sit amet
,49,,,user404@example.com,usa,dup,
ID_346,twenty,,2021/13/40,user@.com,usa,dup,
ID_308,,2.53,,,usa,dup,lorem ipsum dolor sit amet
,twenty,13.04,,,USA,dup,lorem ipsum dolor sit amet
,,,05/01/2021,user304@example.com,,dup,ntSUWS6xKOjV
,20,"12,34",,user848@example.com,PAK,dup,###@@@!!!
,,35.39,01-05-21,,,dup,###@@@!!!
,111,,2021-01-05,user@.com,,dup,Mdxsjm
,-5,,2021/13/40,,usa,dup,oBr6EAcagTw
994,,,01-05-21,user994example.com,,dup,
ID_677,twenty,,2021-01-05,,U.S.,dup,
,,,,user660example.com,Pakistan,dup,
ID_633,,??,2021-01-05,user@.com,Pakistan,dup,
,,,01-05-21,,,dup,
374,38,,05/01/2021,,PAK,dup,
ID_402,,,0000-00-00,user402example.com,USA,dup,n5rQlFcylr
872,,,2021-01-05,user872@example.com,Pakistan,dup,###@@@!!!
ID_294,118,,01-05-21,user@.com,usa,dup,
,,27.96,05/01/2021,,usa,dup,
,,,,user@.com,U.S.,dup,
,3,"12,34",0000-00-00,,,dup,lorem ipsum dolor sit amet
,twenty,,0000-00-00,,USA,dup,
ID_639,twenty,73,0000-00-00,user639@example.com,Pakistan,dup,bGRNgDrIA
ID_696,,??,,user@.com,,dup,lorem ipsum dolor sit amet
ID_644,twenty,52.67,2021/13/40,,,dup,
400,twenty,??,0000-00-00,user400@example.com,U.S.,dup,FSuNsylUS
,,881,,,U.S.,dup,GZazj
340,63,,,,PAK,dup,
ID_55,twenty,,2021/13/40,user@.com,,dup,N4yK
,twenty,??,,,Pakistan,dup,
ID_968,twenty,,,user@.com,U.S.,dup,
ID_344,83,,2021/13/40,user@.com,U.S.,dup,
,twenty,66.34,2021-01-05,user@.com,U.S.,dup,###@@@!!!
,,-398,0000-00-00,user912@example.com,usa,dup,###@@@!!!
ID_40,twenty,,2021-01-05,user40example.com,,dup,###@@@!!!
,,,,,Pakistan,dup,
,63,72.59,2021-01-05,,USA,dup,TCdrhEw3Qpus
,,23.17,,user@.com,,dup,###@@@!!!
780,54,,0000-00-00,user@.com,U.S.,dup,XnNGM
,twenty,??,0000-00-00,user@.com,usa,dup,lorem ipsum dolor sit amet
,,46.38,0000-00-00,user621@example.com,U.S.,dup,###@@@!!!
,,,2021/13/40,,Pakistan,dup,
,85,"12,34",,,usa,dup,
,twenty,,Jan 5 2021,user176example.com,PAK,dup,###@@@!!!
,,,0000-00-00,user@.com,USA,dup,
ID_58,twenty,,0000-00-00,,Pakistan,dup,###@@@!!!
,,,,,USA,dup,7rp3
,,,2021/13/40,user821@example.com,usa,dup,###@@@!!!
300,,,0000-00-00,user@.com,Pakistan,dup,JcSdSqpQ1v
,97,829,2021/13/40,user16@example.com,,dup,
471,5,??,,user471example.com,usa,dup,
ID_931,22,16.21,05/01/2021,,Pakistan,dup,FzgdSu
,19,-51,2021-01-05,,,dup,
ID_752,,,2021/13/40,,,dup,
,,"12,34",Jan 5 2021,,usa,dup,
ID_812,,,01-05-21,user812@example.com,Pakistan,dup,zUZNWuEyAXc
ID_884,twenty,23.09,01-05-21,,USA,dup,7i22
,86,-204,05/01/2021,,USA,dup,###@@@!!!
,71,,Jan 5 2021,user683@example.com,,dup,lorem ipsum dolor sit amet
,,-503,Jan 5 2021,user706@example.com,,dup,###@@@!!!
578,4,,01-05-21,user578@example.com,,dup,UDEVt9lK
ID_893,107,??,,user893@example.com,PAK,dup,lorem ipsum dolor sit amet
29,twenty,,0000-00-00,user29@example.com,PAK,dup,
ID_108,9,"12,34",01-05-21,,U.S.,dup,lorem ipsum dolor sit amet
,,,2021/13/40,,U.S.,dup,
717,twenty,??,,,,dup,###@@@!!!
,90,62.3,01-05-21,user@.com,USA,dup,
,5,20.76,0000-00-00,user945example.com,PAK,dup,
,90,,,user@.com,USA,dup,lorem ipsum dolor sit amet
,58,??,05/01/2021,,Pakistan,dup,###@@@!!!
,,-323,,,USA,dup,lorem ipsum dolor sit amet
,,,,user444example.com,PAK,dup,###@@@!!!
371,,-321,Jan 5 2021,user371@example.com,usa,dup,zN06tIhCZf5
ID_32,,,01-05-21,user@.com,,dup,3HB
ID_707,66,,05/01/2021,,U.S.,dup,5XRj
,twenty,"12,34",2021-01-05,user663example.com,,dup,
,74,,2021-01-05,user581example.com,,dup,lorem ipsum dolor sit amet
156,twenty,63.1,0000-00-00,user156example.com,Pakistan,dup,###@@@!!!
,58,,01-05-21,,,dup,lorem ipsum dolor sit amet
,,,,user@.com,Pakistan,dup,
776,,,,,U.S.,dup,
,-5,,0000-00-00,user@.com,Pakistan,dup,
,,,0000-00-00,,,dup,
,twenty,404,Jan 5 2021,,PAK,dup,
ID_372,,,05/01/2021,user372example.com,,dup,4lft
,twenty,,0000-00-00,user652example.com,,dup,
,,,,,,dup,
617,16,,2021-01-05,,U.S.,dup,lorem ipsum dolor sit amet
ID_476,,41.08,2021-01-05,user476@example.com,,dup,lorem ipsum dolor sit amet
,,,05/01/2021,user3example.com,usa,dup,###@@@!!!
,,"12,34",01-05-21,,U.S.,dup,lorem ipsum dolor sit amet
,75,,05/01/2021,,U.S.,dup,V3YtDpHqHb
,,,05/01/2021,user@.com,Pakistan,dup,
,,65.39,,,Pakistan,dup,lorem ipsum dolor sit amet
ID_936,117,,0000-00-00,,U.S.,dup,###@@@!!!
ID_844,,-263,2021-01-05,user844@example.com,,dup,KTkJc1s
ID_775,106,,Jan 5 2021,user775example.com,Pakistan,dup,LXrqn
,twenty,,2021-01-05,,Pakistan,dup,###@@@!!!
,twenty,52.54,,user@.com,USA,dup,###@@@!!!
,,,2021/13/40,user@.com,usa,dup,lorem ipsum dolor sit amet
ID_41,,75.65,2021/13/40,,Pakistan,dup,###@@@!!!
,84,"12,34",,,USA,dup,HmEYwr6ABhC
ID_222,,,01-05-21,,usa,dup,fSYYH
,,,0000-00-00,user@.com,USA,dup,
,,-681,Jan 5 2021,user573example.com,,dup,###@@@!!!
545,,22.63,,,PAK,dup,geG
ID_113,,45.9,,user113@example.com,Pakistan,dup,###@@@!!!
,twenty,,2021/13/40,user48example.com,usa,dup,
ID_289,twenty,"12,34",2021/13/40,,,dup,qKs
ID_76,twenty,"12,34",2021/13/40,user@.com,U.S.,dup,i6ZECLjP
,,"12,34",0000-00-00,,U.S.,dup,3NBjs4ON0
694,,??,,user694@example.com,U.S.,dup,###@@@!!!
ID_511,,,,user511example.com,PAK,dup,lorem ipsum dolor sit amet
ID_935,,18.07,2021/13/40,,U.S.,dup,###@@@!!!
ID_285,12,"12,34",2021/13/40,,Pakistan,dup,
ID_802,,429,01-05-21,user@.com,,dup,c8ofQEiN9cz
ID_386,twenty,,,,,dup,
225,twenty,"12,34",,user@.com,PAK,dup,###@@@!!!
818,twenty,,,user@.com,U.S.,dup,###@@@!!!
,,,05/01/2021,,usa,dup,
263,twenty,,0000-00-00,,Pakistan,dup,###@@@!!!
ID_546,twenty,,0000-00-00,user@.com,usa,dup,SStc3QaadyJ1
515,,"12,34",05/01/2021,,USA,dup,
,,,,user@.com,PAK,dup,###@@@!!!
,twenty,30.03,,,USA,dup,oR6
,,"12,34",,,U.S.,dup,
,,,,,Pakistan,dup,###@@@!!!
,twenty,,2021/13/40,user268@example.com,usa,dup,lorem ipsum dolor sit amet
,,58.87,01-05-21,user171@example.com,,dup,Wvw1A3VymL
,74,-634,,user932@example.com,U.S.,dup,wGrsXkR
,,551,01-05-21,,Pakistan,dup,
,83,,2021-01-05,user@.com,,dup,
ID_580,,,2021-01-05,,PAK,dup,###@@@!!!
,,??,05/01/2021,user757example.com,,dup,
,74,??,0000-00-00,,,dup,
ID_584,59,,Jan 5 2021,user584example.com,USA,dup,###@@@!!!
,,-389,2021-01-05,,,dup,33fBbZFKrP
,119,,0000-00-00,user123@example.com,,dup,
161,119,,05/01/2021,,,dup,
847,twenty,41,0000-00-00,user847@example.com,U.S.,dup,###@@@!!!
ID_692,,"12,34",0000-00-00,user692example.com,U.S.,dup,lorem ipsum dolor sit amet
,,"12,34",Jan 5 2021,,USA,dup,
944,,"12,34",,,usa,dup,lorem ipsum dolor sit amet
600,,,,user600@example.com,Pakistan,dup,
ID_139,twenty,55.9,01-05-21,,U.S.,dup,gGTYLxbZV
589,91,,2021-01-05,user589@example.com,USA,dup,EL37qBWXri0
ID_352,twenty,,01-05-21,user352example.com,PAK,dup,
ID_165,,496,2021-01-05,user@.com,U.S.,dup,a4lm5ofJc9Dc
,,"12,34",01-05-21,,USA,dup,Alpnxita
,,,,user659example.com,U.S.,dup,###@@@!!!
,twenty,??,01-05-21,,usa,dup,###@@@!!!
,,-193,,,U.S.,dup,
131,,"12,34",,,,dup,nR2XCRGsnRIk
314,,,,,PAK,dup,Sh33KM
,91,,Jan 5 2021,,USA,dup,###@@@!!!
ID_786,,,01-05-21,user@.com,usa,dup,
,,,05/01/2021,user416@example.com,,dup,lorem ipsum dolor sit amet
704,90,,,user704@example.com,Pakistan,dup,###@@@!!!
,96,??,,user38@example.com,,dup,
,twenty,??,05/01/2021,user249example.com,USA,dup,lorem ipsum dolor sit amet
658,,"12,34",Jan 5 2021,user658@example.com,PAK,dup,###@@@!!!
ID_53,,-742,Jan 5 2021,user@.com,usa,dup,
,,,,,,dup,###@@@!!!
,,73,,,,dup,YVxQ
,,,01-05-21,user@.com,PAK,dup,1kp
35,,-244,Jan 5 2021,user35example.com,usa,dup,###@@@!!!
,,"12,34",2021-01-05,user368@example.com,,dup,
ID_378,,313,05/01/2021,,Pakistan,dup,lorem ipsum dolor sit amet
,85,51.17,2021-01-05,user@.com,PAK,dup,06p0iYCac
ID_608,,-798,05/01/2021,user@.com,,dup,M20M
571,twenty,"12,34",2021/13/40,user571example.com,PAK,dup,lYRERDTK1BF
,,21.19,,user52@example.com,,dup,
,,378,01-05-21,,,dup,lorem ipsum dolor sit amet
778,twenty,-561,,user778@example.com,Pakistan,dup,lorem ipsum dolor sit amet
,twenty,"12,34",01-05-21,,PAK,dup,###@@@!!!
302,67,,2021-01-05,user302example.com,,dup,
ID_246,,15,,user246@example.com,PAK,dup,
ID_446,twenty,??,05/01/2021,,USA,dup,
,twenty,739,,user425@example.com,PAK,dup,
,,,01-05-21,user941example.com,,dup,###@@@!!!
28,27,-17,,,USA,dup,
,100,??,2021-01-05,,USA,dup,
,,??,01-05-21,user@.com,Pakistan,dup,iVmMrnc
ID_244,twenty,1.16,2021-01-05,,,dup,k4vuK6rlJRZ
103,,21.43,2021/13/40,,,dup,
276,twenty,??,01-05-21,,Pakistan,dup,D4qbuquViHT5
ID_393,,,,user393@example.com,Pakistan,dup,E7y
,twenty,??,,user110example.com,Pakistan,dup,
,29,"12,34",,user159@example.com,,dup,URszu
112,,"12,34",01-05-21,,usa,dup,3lvgEfFj
916,twenty,??,2021-01-05,user@.com,USA,dup,###@@@!!!
ID_691,,"12,34",0000-00-00,user@.com,Pakistan,dup,bnG
329,twenty,77.61,2021/13/40,user@.com,U.S.,dup,lorem ipsum dolor sit amet
ID_262,twenty,,0000-00-00,,,dup,
825,45,68.54,0000-00-00,user825example.com,PAK,dup,lorem ipsum dolor sit amet
,107,-389,,,usa,dup,
,,??,Jan 5 2021,user167example.com,USA,dup,
ID_902,49,??,0000-00-00,,,dup,
,twenty,??,,,PAK,dup,
,,"12,34",01-05-21,user496@example.com,U.S.,dup,
ID_24,,"12,34",2021-01-05,user24@example.com,,dup,
923,25,-665,,user923@example.com,,dup,
ID_443,twenty,4.28,2021/13/40,,,dup,###@@@!!!
,,85,05/01/2021,user150@example.com,usa,dup,###@@@!!!
ID_553,9,,Jan 5 2021,user553@example.com,usa,dup,###@@@!!!
94,,,,user94@example.com,PAK,dup,
ID_217,twenty,,05/01/2021,user217example.com,PAK,dup,lorem ipsum dolor sit amet
,,,2021/13/40,user381example.com,usa,dup,lorem ipsum dolor sit amet
ID_23,,-391,0000-00-00,,,dup,lorem ipsum dolor sit amet
ID_292,,,05/01/2021,,Pakistan,dup,###@@@!!!
,twenty,??,2021/13/40,user@.com,,dup,###@@@!!!
,,533,0000-00-00,,usa,dup,###@@@!!!
,,,0000-00-00,,USA,dup,
,twenty,65.22,Jan 5 2021,,usa,dup,
967,,"12,34",05/01/2021,user967example.com,,dup,lorem ipsum dolor sit amet
,,,2021-01-05,,USA,dup,lorem ipsum dolor sit amet
ID_629,twenty,"12,34",2021/13/40,,USA,dup,
ID_354,,,2021-01-05,,USA,dup,lorem ipsum dolor sit amet
,,"12,34",2021-01-05,user@.com,usa,dup,
ID_983,,,05/01/2021,user983example.com,usa,dup,
,twenty,"12,34",,,,dup,###@@@!!!
,twenty,62.67,01-05-21,,PAK,dup,KxK
ID_73,twenty,??,Jan 5 2021,,,dup,
ID_559,85,67.69,2021/13/40,user559@example.com,USA,dup,###@@@!!!
,twenty,"12,34",Jan 5 2021,user@.com,USA,dup,
,,,05/01/2021,user118@example.com,,dup,
,,,,,USA,dup,iUa2R
520,,??,01-05-21,user@.com,USA,dup,lorem ipsum dolor sit amet
,,,,,,dup,
ID_475,twenty,48.17,0000-00-00,,U.S.,dup,
882,94,,0000-00-00,,,dup,###@@@!!!
,,"12,34",2021/13/40,user@.com,Pakistan,dup,
,twenty,171,,,usa,dup,9C37DHpk6Rg
14,twenty,928,2021/13/40,,,dup,asYWzzJ
ID_577,,,0000-00-00,user577example.com,,dup,###@@@!!!
662,11,"12,34",01-05-21,user662example.com,,dup,
ID_369,,??,05/01/2021,user369example.com,,dup,###@@@!!!
,,97.25,0000-00-00,,,dup,###@@@!!!
,79,??,2021-01-05,,U.S.,dup,lorem ipsum dolor sit amet
,twenty,??,,user779@example.com,usa,dup,
ID_891,,"12,34",2021/13/40,,USA,dup,
,47,"12,34",Jan 5 2021,user54@example.com,USA,dup,L6jpJPk
467,55,59.23,Jan 5 2021,,USA,dup,
ID_266,,,,,USA,dup,
846,twenty,,Jan 5 2021,user@.com,USA,dup,###@@@!!!
ID_799,7,,2021/13/40,user@.com,USA,dup,
514,,??,,,U.S.,dup,
537,,0.03,2021-01-05,user537@example.com,usa,dup,
939,,,2021-01-05,user939example.com,PAK,dup,lorem ipsum dolor sit amet
ID_503,twenty,,01-05-21,,usa,dup,lorem ipsum dolor sit amet
,5,,01-05-21,user977@example.com,usa,dup,gJuLx
,,"12,34",05/01/2021,,USA,dup,
ID_740,,87.35,05/01/2021,user740example.com,,dup,uS15L0w
331,,18.7,,user@.com,U.S.,dup,###@@@!!!
,-6,,05/01/2021,,Pakistan,dup,lorem ipsum dolor sit amet
,,49.16,05/01/2021,user247example.com,,dup,hEavZdi2WF7I
ID_373,-2,"12,34",05/01/2021,,usa,dup,
,twenty,126,Jan 5 2021,user982example.com,Pakistan,dup,###@@@!!!
,110,??,05/01/2021,user472example.com,U.S.,dup,###@@@!!!
,twenty,"12,34",2021-01-05,user499example.com,,dup,
682,,,2021/13/40,,USA,dup,###@@@!!!
,,"12,34",,user871example.com,USA,dup,
ID_636,67,-187,01-05-21,,,dup,
,,,0000-00-00,,U.S.,dup,###@@@!!!
,twenty,??,Jan 5 2021,,PAK,dup,wpF84
,twenty,,,user866example.com,,dup,
307,twenty,,0000-00-00,user@.com,,dup,
854,,,2021/13/40,,USA,dup,
643,,44.32,Jan 5 2021,,,dup,lorem ipsum dolor sit amet
,35,,05/01/2021,,usa,dup,
ID_501,,-164,05/01/2021,,USA,dup,
954,36,,2021-01-05,,usa,dup,###@@@!!!
234,twenty,,Jan 5 2021,,U.S.,dup,mlkrLGgdp
ID_626,twenty,,0000-00-00,user@.com,USA,dup,###@@@!!!
771,2,"12,34",2021/13/40,user771@example.com,USA,dup,###@@@!!!
430,,"12,34",2021-01-05,,PAK,dup,
673,78,26.88,0000-00-00,,usa,dup,
,71,,2021-01-05,,PAK,dup,
151,,85.42,0000-00-00,user151@example.com,PAK,dup,lorem ipsum dolor sit amet
,,,05/01/2021,user@.com,usa,dup,saA4SBNKNU
,,"12,34",0000-00-00,,U.S.,dup,
,,"12,34",Jan 5 2021,,PAK,dup,
,,,0000-00-00,,,dup,
836,,423,0000-00-00,,Pakistan,dup,
,twenty,-969,2021-01-05,user541example.com,Pakistan,dup,lorem ipsum dolor sit amet
638,twenty,,0000-00-00,,,dup,
ID_569,twenty,73.71,0000-00-00,user569example.com,Pakistan,dup,1MjM2C2W
,,"12,34",,user@.com,PAK,dup,###@@@!!!
,twenty,,05/01/2021,user383example.com,,dup,lorem ipsum dolor sit amet
ID_145,,,,,usa,dup,
,,,,user865example.com,usa,dup,###@@@!!!
ID_953,twenty,78.73,,,usa,dup,
,twenty,61,01-05-21,user533@example.com,,dup,
ID_215,twenty,"12,34",01-05-21,,Pakistan,dup,lorem ipsum dolor sit amet
ID_819,,,0000-00-00,user819@example.com,PAK,dup,TGznNMhgwQb
970,-1,,2021-01-05,user970@example.com,PAK,dup,35eFRKJHcH
ID_712,,,05/01/2021,user712example.com,PAK,dup,NRfLQ
,104,265,Jan 5 2021,user196@example.com,,dup,
ID_909,,,2021-01-05,user@.com,PAK,dup,lorem ipsum dolor sit amet
495,,,Jan 5 2021,user495@example.com,Pakistan,dup,###@@@!!!
591,,54.86,2021-01-05,user591example.com,USA,dup,
,,94.24,01-05-21,user17example.com,,dup,###@@@!!!
,twenty,,2021/13/40,,USA,dup,###@@@!!!
ID_27,twenty,,Jan 5 2021,user27@example.com,PAK,dup,zVhwUFWzkm
,,715,2021-01-05,user@.com,PAK,dup,
ID_631,113,,,user631@example.com,,dup,
,64,??,,user@.com,PAK,dup,lorem ipsum dolor sit amet
228,twenty,,01-05-21,,,dup,lorem ipsum dolor sit amet
,,,0000-00-00,,USA,dup,fIFkL
,111,72.71,,user681@example.com,usa,dup,
,twenty,188,,,Pakistan,dup,lA3QMr2qEwq4
,112,,2021-01-05,user792@example.com,usa,dup,
,110,??,05/01/2021,user472example.com,U.S.,dup,###@@@!!!
494,52,"12,34",2021-01-05,,usa,dup,
,twenty,404,Jan 5 2021,,PAK,dup,
ID_449,,,05/01/2021,user449@example.com,PAK,dup,
,,,01-05-21,,U.S.,dup,lorem ipsum dolor sit amet
ID_106,,"12,34",Jan 5 2021,user106example.com,USA,dup,lorem ipsum dolor sit amet
350,22,540,Jan 5 2021,user350example.com,USA,dup,lorem ipsum dolor sit amet
523,,9.11,05/01/2021,user523example.com,Pakistan,dup,FYBM5
650,36,,0000-00-00,,,dup,
ID_389,,"12,34",01-05-21,user389@example.com,PAK,dup,###@@@!!!
448,,"12,34",,,PAK,dup,
93,,,2021/13/40,,,dup,
,,??,2021-01-05,user@.com,usa,dup,
554,,,01-05-21,user554@example.com,PAK,dup,
,,,Jan 5 2021,user@.com,USA,dup,###@@@!!!
,twenty,,2021/13/40,,usa,dup,
,twenty,,01-05-21,user@.com,Pakistan,dup,
254,,18,05/01/2021,,,dup,hPCVG0fq9
,,-694,Jan 5 2021,user602@example.com,PAK,dup,
,twenty,"12,34",0000-00-00,user252@example.com,PAK,dup,FQwvC7C4
,-3,"12,34",01-05-21,user306@example.com,USA,dup,lorem ipsum dolor sit amet
547,,,01-05-21,,,dup,###@@@!!!
ID_857,16,??,05/01/2021,,U.S.,dup,
,,,,user433@example.com,,dup,
428,twenty,,,,,dup,lorem ipsum dolor sit amet
186,,??,01-05-21,user186@example.com,,dup,
ID_269,,10.63,2021/13/40,,Pakistan,dup,lorem ipsum dolor sit amet
699,twenty,,05/01/2021,user699@example.com,usa,dup,lorem ipsum dolor sit amet
,twenty,,Jan 5 2021,user630example.com,USA,dup,
ID_162,,,,user162@example.com,Pakistan,dup,ydyY8L
413,,95.87,2021/13/40,user413@example.com,PAK,dup,###@@@!!!
832,69,??,2021/13/40,user@.com,USA,dup,aPFL4y
907,,,2021/13/40,,Pakistan,dup,###@@@!!!
98,,,01-05-21,user@.com,USA,dup,WjXqg8n7
6,,"12,34",2021-01-05,user6example.com,,dup,###@@@!!!
ID_862,,??,0000-00-00,,PAK,dup,###@@@!!!
,77,"12,34",0000-00-00,user686example.com,U.S.,dup,
957,,838,05/01/2021,,,dup,###@@@!!!
ID_611,twenty,,Jan 5 2021,user611@example.com,,dup,###@@@!!!
,,595,0000-00-00,user229@example.com,,dup,###@@@!!!
,,??,0000-00-00,user@.com,USA,dup,
,,"12,34",2021-01-05,user368@example.com,,dup,
,twenty,,2021/13/40,user883example.com,,dup,
,56,-225,05/01/2021,user928@example.com,,dup,###@@@!!!
ID_911,57,,2021/13/40,,usa,dup,DOTlLm
,twenty,,,user729@example.com,PAK,dup,
966,twenty,??,,user966example.com,PAK,dup,3v8cpIfuZ
403,,-56,Jan 5 2021,user403example.com,,dup,
,,,,user744@example.com,U.S.,dup,
ID_610,17,,,user610@example.com,,dup,
,twenty,,,user189@example.com,USA,dup,
,,,2021-01-05,user332example.com,U.S.,dup,###@@@!!!
ID_303,,,,user@.com,PAK,dup,sjK
ID_260,twenty,,,,,dup,FRmDr
,twenty,,Jan 5 2021,,PAK,dup,###@@@!!!
627,,,Jan 5 2021,,PAK,dup,
,6,-676,2021-01-05,,PAK,dup,
ID_283,twenty,"12,34",01-05-21,,U.S.,dup,###@@@!!!
,34,??,2021/13/40,,PAK,dup,###@@@!!!
11,23,-348,Jan 5 2021,user11@example.com,,dup,
,,801,2021/13/40,user876example.com,Pakistan,dup,###@@@!!!
,twenty,??,2021-01-05,user594example.com,USA,dup,
,91,??,01-05-21,user@.com,USA,dup,lorem ipsum dolor sit amet
ID_531,twenty,311,Jan 5 2021,user531example.com,USA,dup,
,,,Jan 5 2021,user469example.com,USA,dup,
ID_127,63,394,01-05-21,user127example.com,PAK,dup,SclIp20483B
ID_951,twenty,,,,Pakistan,dup,
,,219,2021/13/40,,usa,dup,
,,872,,user57example.com,Pakistan,dup,
ID_33,15,,05/01/2021,user33example.com,USA,dup,
,,??,2021-01-05,user237@example.com,,dup,
991,90,,,user991example.com,usa,dup,
,116,,05/01/2021,,,dup,###@@@!!!
ID_586,,??,2021/13/40,user@.com,,dup,
,twenty,"12,34",,user362example.com,Pakistan,dup,lorem ipsum dolor sit amet
ID_243,72,,2021-01-05,,usa,dup,###@@@!!!
,,42.15,,user603@example.com,PAK,dup,lorem ipsum dolor sit amet
92,,,,,Pakistan,dup,iEt49LFQPc
210,,-460,,,USA,dup,
ID_337,80,,2021-01-05,,usa,dup,X4unT6c
ID_888,,,05/01/2021,user888example.com,PAK,dup,
,,-226,2021-01-05,,Pakistan,dup,Bo0zBj30U
,,,01-05-21,,usa,dup,ogFhemJZQeAr
,,,,user870@example.com,PAK,dup,
ID_85,twenty,776,,user85example.com,,dup,1OrOwhfEPF
,47,??,2021-01-05,,,dup,stY
39,,??,05/01/2021,user39@example.com,U.S.,dup,
500,,,2021/13/40,user500@example.com,USA,dup,
,,??,,user623example.com,,dup,
ID_924,-7,,01-05-21,,U.S.,dup,
ID_507,twenty,,0000-00-00,user507@example.com,usa,dup,###@@@!!!
634,,??,2021-01-05,,PAK,dup,lorem ipsum dolor sit amet
ID_993,46,??,,user@.com,Pakistan,dup,
ID_516,,??,01-05-21,,U.S.,dup,###@@@!!!
723,,,,user@.com,PAK,dup,lorem ipsum dolor sit amet
104,92,22.51,0000-00-00,,,dup,###@@@!!!
,59,??,01-05-21,user867@example.com,PAK,dup,
,twenty,817,,user233example.com,usa,dup,###@@@!!!
,11,??,05/01/2021,,,dup,
ID_105,twenty,,0000-00-00,,PAK,dup,
,,??,2021/13/40,user@.com,Pakistan,dup,
ID_753,,"12,34",05/01/2021,,USA,dup,
ID_996,twenty,"12,34",,,,dup,3vaH
ID_253,30,20,05/01/2021,user253@example.com,usa,dup,fi4WJxM32
,,-796,01-05-21,user@.com,,dup,
422,,,01-05-21,,PAK,dup,
,,??,2021-01-05,user@.com,PAK,dup,###@@@!!!
,99,??,Jan 5 2021,user208@example.com,PAK,dup,###@@@!!!
ID_721,,,Jan 5 2021,,usa,dup,
828,,62.1,,user828@example.com,USA,dup,
ID_82,91,,0000-00-00,,,dup,
,,714,2021-01-05,user497example.com,U.S.,dup,###@@@!!!
,,,2021-01-05,user989@example.com,Pakistan,dup,lorem ipsum dolor sit amet
,,,2021/13/40,,U.S.,dup,###@@@!!!
,twenty,??,,user975example.com,Pakistan,dup,RxRvee
,20,,05/01/2021,,usa,dup,lorem ipsum dolor sit amet
,,204,05/01/2021,user@.com,,dup,L82Xa1yZ5
270,,??,01-05-21,user@.com,usa,dup,fb7fci
ID_605,53,"12,34",05/01/2021,user605example.com,U.S.,dup,
,77,439,,,usa,dup,
ID_274,103,"12,34",2021-01-05,user@.com,,dup,lorem ipsum dolor sit amet
872,,,2021-01-05,user872@example.com,Pakistan,dup,###@@@!!!
937,,,05/01/2021,,USA,dup,tuKU
853,twenty,,Jan 5 2021,,,dup,waH
,,??,,,,dup,lorem ipsum dolor sit amet
153,twenty,,0000-00-00,,,dup,wDi
ID_613,59,,Jan 5 2021,user@.com,U.S.,dup,qRDTjeQ
,,??,05/01/2021,user896example.com,PAK,dup,
410,,??,Jan 5 2021,user@.com,,dup,
,118,20.23,,user869@example.com,,dup,
,,??,,user517example.com,Pakistan,dup,###@@@!!!
44,,,,,Pakistan,dup,
ID_625,twenty,7.13,01-05-21,user625example.com,,dup,lorem ipsum dolor sit amet
ID_390,,,05/01/2021,,Pakistan,dup,###@@@!!!
,twenty,,0000-00-00,,Pakistan,dup,yItLyRC0
,,,0000-00-00,,USA,dup,pfiMa
ID_349,61,"12,34",Jan 5 2021,,Pakistan,dup,ITT5AehaGhm
,twenty,,2021-01-05,user357@example.com,Pakistan,dup,
722,,,01-05-21,user722@example.com,USA,dup,
,,??,2021/13/40,user133example.com,PAK,dup,
,103,5.43,2021-01-05,user261@example.com,Pakistan,dup,lorem ipsum dolor sit amet
ID_278,twenty,,2021/13/40,user278@example.com,PAK,dup,lorem ipsum dolor sit amet
,twenty,??,2021-01-05,user79@example.com,usa,dup,###@@@!!!
,,??,2021-01-05,,,dup,
115,,,0000-00-00,,Pakistan,dup,###@@@!!!
,,,05/01/2021,user@.com,PAK,dup,6XcvCM6
ID_900,twenty,,,,PAK,dup,###@@@!!!
718,,,,,,dup,
ID_380,twenty,,2021/13/40,user380example.com,Pakistan,dup,###@@@!!!
,twenty,"12,34",,,,dup,###@@@!!!
,twenty,"12,34",2021-01-05,user@.com,U.S.,dup,lorem ipsum dolor sit amet
851,57,148,2021-01-05,user851@example.com,USA,dup,###@@@!!!
ID_358,,,,user358example.com,Pakistan,dup,fXjk2u
980,twenty,"12,34",01-05-21,,,dup,AEdWqaXtAwUv
,twenty,,2021-01-05,user36example.com,U.S.,dup,###@@@!!!
,,,,,,dup,###@@@!!!
ID_901,twenty,,01-05-21,user901@example.com,usa,dup,lke
754,,7.79,05/01/2021,,,dup,P1jylP6pEq
,twenty,??,2021-01-05,,PAK,dup,
,23,,01-05-21,,,dup,
9,,"12,34",05/01/2021,user9@example.com,,dup,lorem ipsum dolor sit amet
ID_274,103,"12,34",2021-01-05,user@.com,,dup,lorem ipsum dolor sit amet
,106,426,2021-01-05,user840example.com,USA,dup,
,twenty,,0000-00-00,user45example.com,,dup,lorem ipsum dolor sit amet
,twenty,??,Jan 5 2021,,,dup,
ID_702,,768,2021-01-05,user702@example.com,,dup,
534,twenty,,05/01/2021,user@.com,PAK,dup,
548,,36,Jan 5 2021,user548example.com,usa,dup,
,,,,user560example.com,,dup,###@@@!!!
298,twenty,??,2021/13/40,user298@example.com,Pakistan,dup,
290,,,2021/13/40,,Pakistan,dup,###@@@!!!
,,??,2021-01-05,user@.com,USA,dup,###@@@!!!
,106,,Jan 5 2021,,usa,dup,lorem ipsum dolor sit amet
,,,0000-00-00,user421example.com,PAK,dup,###@@@!!!
657,,-682,Jan 5 2021,,,dup,lorem ipsum dolor sit amet
ID_122,twenty,??,0000-00-00,user@.com,USA,dup,
ID_905,,,01-05-21,,U.S.,dup,lorem ipsum dolor sit amet
ID_879,,??,Jan 5 2021,user879example.com,USA,dup,
361,,-606,0000-00-00,,PAK,dup,
ID_336,,70.97,,user@.com,,dup,
,,"12,34",,,U.S.,dup,lorem ipsum dolor sit amet
,27,-815,2021-01-05,,USA,dup,###@@@!!!
ID_827,twenty,73.96,0000-00-00,user827@example.com,,dup,lorem ipsum dolor sit amet
,,8.95,2021-01-05,user@.com,PAK,dup,Pfktg9fc
,,??,0000-00-00,user@.com,,dup,
ID_651,,??,Jan 5 2021,,Pakistan,dup,lorem ipsum dolor sit amet
367,twenty,??,2021-01-05,user367example.com,,dup,A0dN
ID_88,,,,,,dup,
,,,0000-00-00,user974example.com,U.S.,dup,
ID_619,twenty,,01-05-21,user619example.com,Pakistan,dup,
,,75.82,,user8example.com,PAK,dup,
,twenty,"12,34",0000-00-00,,U.S.,dup,
,,"12,34",2021/13/40,user@.com,Pakistan,dup,
,,,0000-00-00,,,dup,###@@@!!!
ID_509,twenty,??,05/01/2021,user509example.com,PAK,dup,
,twenty,665,,user@.com,USA,dup,lorem ipsum dolor sit amet
,,,2021/13/40,,,dup,###@@@!!!
ID_746,twenty,7.09,Jan 5 2021,user746example.com,PAK,dup,lorem ipsum dolor sit amet
,twenty,??,Jan 5 2021,user@.com,PAK,dup,
ID_482,-10,-211,,,usa,dup,
,,,Jan 5 2021,user@.com,U.S.,dup,
ID_405,,,01-05-21,user@.com,,dup,
,99,88.96,01-05-21,user784example.com,USA,dup,lorem ipsum dolor sit amet
,,,01-05-21,user887@example.com,U.S.,dup,MSi7Q6A3WSsz
,,,05/01/2021,,,dup,
,,87.52,01-05-21,user90@example.com,Pakistan,dup,
,67,51.7,0000-00-00,,usa,dup,
,,,,user478@example.com,usa,dup,
,,,05/01/2021,,U.S.,dup,lorem ipsum dolor sit amet
,42,,0000-00-00,user@.com,Pakistan,dup,lorem ipsum dolor sit amet
841,,-48,01-05-21,user841@example.com,,dup,###@@@!!!
ID_46,23,"12,34",2021-01-05,user@.com,,dup,
ID_364,,??,2021/13/40,user@.com,,dup,
,,55.36,,,PAK,dup,rqpOVatOZ0Bb
49,98,98.28,2021-01-05,user@.com,,dup,HIkxsrIDuSm4
ID_487,twenty,,Jan 5 2021,user@.com,USA,dup,apIt5M7
224,,??,01-05-21,,,dup,
750,,"12,34",,user750example.com,,dup,###@@@!!!
,,,01-05-21,user219@example.com,USA,dup,
,,??,2021/13/40,user133example.com,PAK,dup,
897,,86.68,2021-01-05,user897example.com,,dup,
,59,,,user850@example.com,Pakistan,dup,###@@@!!!
ID_761,,,Jan 5 2021,user@.com,,dup,###@@@!!!
,82,-417,05/01/2021,user101example.com,,dup,
,twenty,"12,34",Jan 5 2021,user@.com,USA,dup,
201,twenty,,,user201example.com,USA,dup,
,95,,2021-01-05,user562example.com,,dup,###@@@!!!
,89,"12,34",01-05-21,user@.com,USA,dup,lorem ipsum dolor sit amet
,,"12,34",05/01/2021,user75example.com,Pakistan,dup,###@@@!!!
,,,2021/13/40,user63example.com,,dup,###@@@!!!
,12,,Jan 5 2021,user@.com,PAK,dup,f71WSGa4m
,twenty,,Jan 5 2021,,,dup,lorem ipsum dolor sit amet
,twenty,"12,34",0000-00-00,,Pakistan,dup,lorem ipsum dolor sit amet
,5,,,user442example.com,,dup,###@@@!!!
ID_943,,,01-05-21,,USA,dup,
,66,??,05/01/2021,,,dup,szNnpvoa3Qrj
0,,??,01-05-21,user0@example.com,,dup,lorem ipsum dolor sit amet
ID_539,95,,05/01/2021,user539example.com,PAK,dup,
,twenty,,,,,dup,###@@@!!!
,73,438,2021-01-05,user762example.com,PAK,dup,lorem ipsum dolor sit amet
,85,??,,user868example.com,,dup,
689,,"12,34",0000-00-00,,usa,dup,lorem ipsum dolor sit amet
,twenty,??,2021/13/40,user187@example.com,usa,dup,###@@@!!!
,,,0000-00-00,user@.com,USA,dup,
148,,,Jan 5 2021,user148example.com,Pakistan,dup,
ID_751,twenty,-245,01-05-21,user751@example.com,,dup,7rgan
ID_614,23,??,05/01/2021,user@.com,usa,dup,EZz
345,92,9.19,05/01/2021,user345@example.com,usa,dup,
,103,,01-05-21,user26@example.com,,dup,
461,,??,0000-00-00,user461example.com,USA,dup,
ID_670,twenty,,,user670@example.com,usa,dup,
,,,2021-01-05,user655example.com,,dup,lorem ipsum dolor sit amet
ID_785,14,,2021/13/40,,,dup,HrGVjZrMcxcA
59,,,05/01/2021,user59example.com,,dup,kliEF
ID_933,,??,0000-00-00,,PAK,dup,lorem ipsum dolor sit amet
ID_714,,,,user714@example.com,,dup,
,14,??,,,PAK,dup,###@@@!!!
,,-844,2021-01-05,user424example.com,USA,dup,lorem ipsum dolor sit amet
ID_720,twenty,??,05/01/2021,user720@example.com,PAK,dup,2uciFErmlc
,,"12,34",2021-01-05,,USA,dup,
43,13,,05/01/2021,,PAK,dup,5L6Tur
ID_661,twenty,,Jan 5 2021,user661@example.com,usa,dup,lorem ipsum dolor sit amet
,,8.01,2021/13/40,user635example.com,,dup,
,-6,,2021-01-05,,,dup,
528,,,,,PAK,dup,lorem ipsum dolor sit amet
,98,,,,usa,dup,zZ81f0KI
,,,05/01/2021,,USA,dup,
,51,??,2021-01-05,user@.com,,dup,
741,,-781,0000-00-00,user741example.com,,dup,
,,-295,01-05-21,user@.com,,dup,lorem ipsum dolor sit amet
ID_41,,75.65,2021/13/40,,Pakistan,dup,###@@@!!!
818,twenty,,,user@.com,U.S.,dup,###@@@!!!
,twenty,??,Jan 5 2021,,PAK,dup,WHB
ID_992,twenty,"12,34",2021/13/40,user992@example.com,usa,dup,###@@@!!!
ID_914,twenty,,Jan 5 2021,,,dup,
,twenty,,Jan 5 2021,user@.com,U.S.,dup,
485,,,0000-00-00,user485example.com,U.S.,dup,
125,105,"12,34",2021/13/40,user125@example.com,,dup,
,112,70.86,,,PAK,dup,
,twenty,,01-05-21,user61@example.com,USA,dup,
,,,2021-01-05,user81@example.com,,dup,
,twenty,??,01-05-21,user680example.com,U.S.,dup,Sj5pa1VF
ID_324,,"12,34",0000-00-00,user324example.com,U.S.,dup,juCTPeQ3
,,,2021/13/40,,USA,dup,
537,,0.03,2021-01-05,user537@example.com,usa,dup,
ID_56,twenty,??,2021/13/40,user56example.com,usa,dup,42kAQFH2KTU
ID_19,,10.13,,user19@example.com,USA,dup,myHlgJB3f
454,82,"12,34",2021-01-05,,Pakistan,dup,L9UVArB2TO
,twenty,55,2021-01-05,,usa,dup,lorem ipsum dolor sit amet
ID_838,52,4.35,05/01/2021,user838example.com,,dup,
,105,57.0,01-05-21,,Pakistan,dup,
,,??,,user@.com,,dup,LrVAbe
,,56.19,2021/13/40,,USA,dup,lorem ipsum dolor sit amet
ID_34,,,01-05-21,user@.com,,dup,
ID_808,,-26,01-05-21,user808@example.com,,dup,
,twenty,??,Jan 5 2021,user@.com,U.S.,dup,###@@@!!!
ID_766,,,0000-00-00,,PAK,dup,###@@@!!!
ID_588,,1.18,0000-00-00,user588@example.com,PAK,dup,8oKoYEDbFfUM
,,-76,Jan 5 2021,user904@example.com,U.S.,dup,
,twenty,,01-05-21,,Pakistan,dup,###@@@!!!
538,twenty,"12,34",0000-00-00,,U.S.,dup,7SRrr1q
ID_800,,,01-05-21,,Pakistan,dup,
,,??,2021-01-05,user@.com,Pakistan,dup,
,,,05/01/2021,,,dup,lorem ipsum dolor sit amet
,,,2021-01-05,user83@example.com,PAK,dup,
ID_446,twenty,??,05/01/2021,,USA,dup,
474,,,0000-00-00,,usa,dup,
764,81,??,,,Pakistan,dup,
,74,83.57,Jan 5 2021,,Pakistan,dup,
,twenty,878,2021/13/40,user873example.com,Pakistan,dup,lorem ipsum dolor sit amet
,twenty,,0000-00-00,user697example.com,,dup,p4ae1qDeD85E
ID_585,twenty,68.63,,,usa,dup,
,,,,,Pakistan,dup,
,twenty,"12,34",2021-01-05,,,dup,lorem ipsum dolor sit amet
,twenty,??,01-05-21,,USA,dup,lorem ipsum dolor sit amet
ID_918,twenty,45.09,2021/13/40,user@.com,U.S.,dup,lorem ipsum dolor sit amet
ID_401,25,637,05/01/2021,,,dup,lorem ipsum dolor sit amet
759,,,0000-00-00,user759@example.com,U.S.,dup,
,63,791,2021-01-05,user392@example.com,usa,dup,###@@@!!!
49,98,98.28,2021-01-05,user@.com,,dup,HIkxsrIDuSm4
,42,,05/01/2021,user745example.com,,dup,HqKIXfkOJ
ID_271,41,520,2021-01-05,user271@example.com,Pakistan,dup,
ID_506,twenty,,05/01/2021,user506@example.com,PAK,dup,
ID_453,,37.63,01-05-21,user453example.com,USA,dup,lorem ipsum dolor sit amet
ID_434,,"12,34",,,PAK,dup,lorem ipsum dolor sit amet
ID_648,twenty,,05/01/2021,,,dup,
,,-838,2021-01-05,,usa,dup,GEneCBhzLUg4
,twenty,-697,,user@.com,U.S.,dup,
,-6,??,,user561example.com,Pakistan,dup,
,twenty,??,01-05-21,,,dup,9EMHjT5l
,twenty,??,01-05-21,user@.com,Pakistan,dup,
ID_644,twenty,52.67,2021/13/40,,,dup,
132,,??,05/01/2021,user132@example.com,,dup,ocj25qXNpZH
,twenty,,2021/13/40,user@.com,U.S.,dup,###@@@!!!
,46,,2021/13/40,,U.S.,dup,lorem ipsum dolor sit amet
238,,,0000-00-00,,,dup,tel3i
ID_564,63,,Jan 5 2021,,U.S.,dup,tkORq9uq9O
,,,01-05-21,,Pakistan,dup,XrXAYaqibOV
,twenty,??,0000-00-00,user@.com,U.S.,dup,lorem ipsum dolor sit amet
31,,,,user31@example.com,usa,dup,
121,twenty,,,,PAK,dup,
255,,-790,Jan 5 2021,user255@example.com,,dup,KYJQ1hKF
,twenty,,0000-00-00,,USA,dup,
ID_359,,,05/01/2021,,PAK,dup,FBPuF
ID_51,80,94.91,Jan 5 2021,user51@example.com,U.S.,dup,###@@@!!!
,106,"12,34",,user875example.com,,dup,
,twenty,,,user938@example.com,PAK,dup,
772,,,Jan 5 2021,,U.S.,dup,QZjxk
,,-955,Jan 5 2021,user679@example.com,,dup,lorem ipsum dolor sit amet
,25,50.47,05/01/2021,user805@example.com,,dup,lorem ipsum dolor sit amet
124,,567,01-05-21,user124example.com,,dup,lorem ipsum dolor sit amet
,49,,,user404@example.com,usa,dup,
,twenty,-224,,,,dup,
,61,,,,PAK,dup,###@@@!!!
725,,"12,34",05/01/2021,,,dup,lorem ipsum dolor sit amet
ID_587,70,??,,,PAK,dup,
,,,Jan 5 2021,,U.S.,dup,
,,,,user433@example.com,,dup,
674,113,6.85,0000-00-00,,,dup,4qjnKGGm
,twenty,??,05/01/2021,,U.S.,dup,lorem ipsum dolor sit amet
,,24.37,2021-01-05,,U.S.,dup,lorem ipsum dolor sit amet
299,62,??,Jan 5 2021,,,dup,lorem ipsum dolor sit amet
,104,52.98,0000-00-00,,U.S.,dup,###@@@!!!
,,,01-05-21,user527example.com,U.S.,dup,
